Iteration,Mean,Stdev,Run-0
0,1228.3311280160233,0.0,1228.3311280160233
1,8.117421014386556,0.0,8.117421014386556
2,3.649120056631646,0.0,3.649120056631646
3,2.486999873072156,0.0,2.486999873072156
4,1.926392722412788,0.0,1.926392722412788
