Iteration,Mean,Stdev,Run-0
0,1908.029904763669,0.0,1908.029904763669
1,52.846429712473494,0.0,52.846429712473494
2,6.406214532057754,0.0,6.406214532057754
3,3.145474260596106,0.0,3.145474260596106
4,2.0629254720113313,0.0,2.0629254720113313
