Iteration,Mean,Stdev,Run-0
0,4188.493037437825,0.0,4188.493037437825
1,4188.493037437825,0.0,4188.493037437825
2,4188.493037437827,0.0,4188.493037437827
3,4188.493037437827,0.0,4188.493037437827
4,4188.493037437827,0.0,4188.493037437827
