Iteration,Mean,Stdev,Run-0
0,1878.8583109119252,0.0,1878.8583109119252
1,10.318053022783053,0.0,10.318053022783053
2,4.390376252676784,0.0,4.390376252676784
3,2.4345992198662776,0.0,2.4345992198662776
4,2.4345992198662207,0.0,2.4345992198662207
