Iteration,Mean,Stdev,Run-0
0,3834.333569191014,0.0,3834.333569191014
1,19.314349936153736,0.0,19.314349936153736
2,6.787254343280483,0.0,6.787254343280483
3,2.6738021205955254,0.0,2.6738021205955254
4,2.673802120595409,0.0,2.673802120595409
