Iteration,Mean,Stdev,Run-0
0,4096.963419949045,0.0,4096.963419949045
1,23.052531858217645,0.0,23.052531858217645
2,7.892658306491039,0.0,7.892658306491039
3,3.850954080632442,0.0,3.850954080632442
4,3.8509540806325404,0.0,3.8509540806325404
