Plan ID,Plan Scores,Run-0
0,1.0,17
1,0.006944444444444444,297
2,0.006944444444444444,272
3,0.006944444444444444,279
4,0.06666666666666667,25
5,0.06666666666666667,22
6,0.06666666666666667,23
7,0.03333333333333333,23
8,0.03333333333333333,26
9,0.03333333333333333,16
