Iteration,Mean,Stdev,Run-0
0,3902.533497842297,0.0,3902.533497842297
1,19.498676666098042,0.0,19.498676666098042
2,6.7937144473649305,0.0,6.7937144473649305
3,3.511739688137151,0.0,3.511739688137151
4,3.5117396881370837,0.0,3.5117396881370837
