Iteration,Mean,Stdev,Run-0
0,3235.2257042109054,0.0,3235.2257042109054
1,78.87664243089749,0.0,78.87664243089749
2,9.89916974892605,0.0,9.89916974892605
3,4.654252570042859,0.0,4.654252570042859
4,4.654252570042933,0.0,4.654252570042933
