Iteration,Mean,Stdev,Run-0
0,0.5193996534461686,0.0,0.5193996534461686
1,1.12426153540891,0.0,1.12426153540891
2,1.0641047880730543,0.0,1.0641047880730543
3,1.3937715020762906,0.0,1.3937715020762906
4,1.3937715020762906,0.0,1.3937715020762906
