Plan ID,Plan Scores,Run-0
0,1.0,46
1,0.006944444444444444,313
2,0.006944444444444444,269
3,0.006944444444444444,283
4,0.06666666666666667,39
5,0.06666666666666667,17
6,0.06666666666666667,10
7,0.03333333333333333,13
8,0.03333333333333333,6
9,0.03333333333333333,4
