Iteration,Mean,Stdev,Run-0
0,1181.7200254134498,0.0,1181.7200254134498
1,33.04426123111646,0.0,33.04426123111646
2,4.707470325760602,0.0,4.707470325760602
3,2.5883079497574357,0.0,2.5883079497574357
4,1.8409538371683445,0.0,1.8409538371683445
