Iteration,Mean,Stdev,Run-0
0,1708.5494059880384,0.0,1708.5494059880384
1,31.977642043868652,0.0,31.977642043868652
2,6.073266461636795,0.0,6.073266461636795
3,2.9633149569009807,0.0,2.9633149569009807
4,1.8036772548339515,0.0,1.8036772548339515
