Iteration,Mean,Stdev,Run-0
0,1213.0696050884765,0.0,1213.0696050884765
1,6.903637860266843,0.0,6.903637860266843
2,3.4796990252913123,0.0,3.4796990252913123
3,2.0651121711506475,0.0,2.0651121711506475
4,1.5567068557014654,0.0,1.5567068557014654
