Iteration,Mean,Stdev,Run-0
0,3938.6498058555453,0.0,3938.6498058555453
1,107.27582024117041,0.0,107.27582024117041
2,12.757179058635005,0.0,12.757179058635005
3,5.51957902067191,0.0,5.51957902067191
4,3.11107838845236,0.0,3.11107838845236
