Iteration,Mean,Stdev,Run-0
0,1674.3915040528873,0.0,1674.3915040528873
1,31.364979565703326,0.0,31.364979565703326
2,5.981075252565693,0.0,5.981075252565693
3,2.9375553086093373,0.0,2.9375553086093373
4,2.937555308609404,0.0,2.937555308609404
