Iteration,Mean,Stdev,Run-0
0,4096.963419949045,0.0,4096.963419949045
1,23.219515593181132,0.0,23.219515593181132
2,7.141001921309869,0.0,7.141001921309869
3,2.9550140507638005,0.0,2.9550140507638005
4,2.9550140507638116,0.0,2.9550140507638116
