Plan ID,Plan Scores,Run-0
0,1.0,50
1,0.006944444444444444,315
2,0.006944444444444444,265
3,0.006944444444444444,281
4,0.06666666666666667,35
5,0.06666666666666667,21
6,0.06666666666666667,9
7,0.03333333333333333,10
8,0.03333333333333333,10
9,0.03333333333333333,4
