Iteration,Mean,Stdev,Run-0
0,3200.7219192408274,0.0,3200.7219192408274
1,19.65108228623098,0.0,19.65108228623098
2,6.790967301255333,0.0,6.790967301255333
3,2.554728614208889,0.0,2.554728614208889
4,2.5547286142088588,0.0,2.5547286142088588
