Iteration,Mean,Stdev,Run-0
0,0.44584190022921805,0.0,0.44584190022921805
1,1.0581110527728173,0.0,1.0581110527728173
2,1.6239150224072691,0.0,1.6239150224072691
3,1.708472709761558,0.0,1.708472709761558
4,1.708472709761558,0.0,1.708472709761558
