Iteration,Mean,Stdev,Run-0
0,1166.7931448828454,0.0,1166.7931448828454
1,33.01875596625376,0.0,33.01875596625376
2,4.826262209751954,0.0,4.826262209751954
3,2.793749747629308,0.0,2.793749747629308
4,2.035155430556906,0.0,2.035155430556906
