Iteration,Mean,Stdev,Run-0
0,3893.662010891993,0.0,3893.662010891993
1,106.65811764833016,0.0,106.65811764833016
2,11.958080100220537,0.0,11.958080100220537
3,4.865399211692473,0.0,4.865399211692473
4,2.4985445764008847,0.0,2.4985445764008847
