Iteration,Mean,Stdev,Run-0
0,0.27013885318480196,0.0,0.27013885318480196
1,1.1386641295834343,0.0,1.1386641295834343
2,1.058050565899381,0.0,1.058050565899381
3,1.4798972937335886,0.0,1.4798972937335886
4,1.6313172591497953,0.0,1.6313172591497953
