Iteration,Mean,Stdev,Run-0
0,2365.7969648988665,0.0,2365.7969648988665
1,14.8612045484697,0.0,14.8612045484697
2,5.195343985008786,0.0,5.195343985008786
3,2.5103443129713296,0.0,2.5103443129713296
4,2.5103443129712133,0.0,2.5103443129712133
