Iteration,Mean,Stdev,Run-0
0,4043.224076199806,0.0,4043.224076199806
1,20.134493189908685,0.0,20.134493189908685
2,8.086615253123973,0.0,8.086615253123973
3,3.216240423243441,0.0,3.216240423243441
4,3.2162404232434127,0.0,3.2162404232434127
