Iteration,Mean,Stdev,Run-0
0,0.196364457068992,0.0,0.196364457068992
1,1.055779806588476,0.0,1.055779806588476
2,1.3606288987082407,0.0,1.3606288987082407
3,1.4124800883552306,0.0,1.4124800883552306
4,1.4124800883552306,0.0,1.4124800883552306
