Iteration,Mean,Stdev,Run-0
0,3634.9996361930703,0.0,3634.9996361930703
1,24.896481135923608,0.0,24.896481135923608
2,7.9460718360194456,0.0,7.9460718360194456
3,3.672081285589375,0.0,3.672081285589375
4,3.6720812855893024,0.0,3.6720812855893024
