Iteration,Mean,Stdev,Run-0
0,3813.466625980361,0.0,3813.466625980361
1,24.559004773195383,0.0,24.559004773195383
2,7.970299358622894,0.0,7.970299358622894
3,3.4349644504927266,0.0,3.4349644504927266
4,1.5623473480797274,0.0,1.5623473480797274
