Iteration,Mean,Stdev,Run-0
0,3846.782367247955,0.0,3846.782367247955
1,19.47691569344248,0.0,19.47691569344248
2,6.6016475160785895,0.0,6.6016475160785895
3,2.9399879885785634,0.0,2.9399879885785634
4,2.9399879885785385,0.0,2.9399879885785385
