Iteration,Mean,Stdev,Run-0
0,0.19410306540598476,0.0,0.19410306540598476
1,1.0273611828368834,0.0,1.0273611828368834
2,1.5989796746675675,0.0,1.5989796746675675
3,1.7552105286830975,0.0,1.7552105286830975
4,1.7552105286830975,0.0,1.7552105286830975
