Iteration,Mean,Stdev,Run-0
0,0.1636306817195357,0.0,0.1636306817195357
1,1.0266528137593545,0.0,1.0266528137593545
2,1.6150167181797224,0.0,1.6150167181797224
3,1.7860470318555441,0.0,1.7860470318555441
4,1.7955222081611801,0.0,1.7955222081611801
