Iteration,Mean,Stdev,Run-0
0,3634.7514941253753,0.0,3634.7514941253753
1,95.82997507376409,0.0,95.82997507376409
2,10.931318519015926,0.0,10.931318519015926
3,4.958081090560256,0.0,4.958081090560256
4,2.454214936592992,0.0,2.454214936592992
