Iteration,Mean,Stdev,Run-0
0,0.1636306817195357,0.0,0.1636306817195357
1,1.0269172313287962,0.0,1.0269172313287962
2,1.586654026560296,0.0,1.586654026560296
3,1.6314407742851105,0.0,1.6314407742851105
4,1.6392678243654997,0.0,1.6392678243654997
