Iteration,Mean,Stdev,Run-0
0,1167.5721510468784,0.0,1167.5721510468784
1,6.902794717749222,0.0,6.902794717749222
2,3.2961314019766284,0.0,3.2961314019766284
3,2.2614233618736157,0.0,2.2614233618736157
4,2.261423361873635,0.0,2.261423361873635
