Iteration,Mean,Stdev,Run-0
0,3891.6737523327747,0.0,3891.6737523327747
1,19.498676666098042,0.0,19.498676666098042
2,6.772832837989751,0.0,6.772832837989751
3,3.1122844544769617,0.0,3.1122844544769617
4,3.1122844544770256,0.0,3.1122844544770256
