Iteration,Mean,Stdev,Run-0
0,2667.287084882265,0.0,2667.287084882265
1,66.34080160241955,0.0,66.34080160241955
2,8.635698377699951,0.0,8.635698377699951
3,3.426949260392104,0.0,3.426949260392104
4,3.4269492603920804,0.0,3.4269492603920804
