Iteration,Mean,Stdev,Run-0
0,0.415161414392041,0.0,0.415161414392041
1,1.1233236399186122,0.0,1.1233236399186122
2,1.0470334283106721,0.0,1.0470334283106721
3,1.3947386852023573,0.0,1.3947386852023573
4,1.3947386852023573,0.0,1.3947386852023573
