Iteration,Mean,Stdev,Run-0
0,0.43655011167104285,0.0,0.43655011167104285
1,1.0296402284293287,0.0,1.0296402284293287
2,1.718131252262178,0.0,1.718131252262178
3,1.7905504740163007,0.0,1.7905504740163007
4,1.7905504740163007,0.0,1.7905504740163007
