Iteration,Mean,Stdev,Run-0
0,3004.7866464922586,0.0,3004.7866464922586
1,15.588785926380616,0.0,15.588785926380616
2,5.35526224195357,0.0,5.35526224195357
3,2.5423337686538874,0.0,2.5423337686538874
4,1.7139479420231218,0.0,1.7139479420231218
