Iteration,Mean,Stdev,Run-0
0,0.3949367037893541,0.0,0.3949367037893541
1,1.1277016449398307,0.0,1.1277016449398307
2,1.0992652091283523,0.0,1.0992652091283523
3,1.2226185014140756,0.0,1.2226185014140756
4,1.2226185014140756,0.0,1.2226185014140756
