Iteration,Mean,Stdev,Run-0
0,4188.493037437827,0.0,4188.493037437827
1,4188.493037437827,0.0,4188.493037437827
2,4188.49303743783,0.0,4188.49303743783
3,4188.49303743783,0.0,4188.49303743783
4,4188.493037437827,0.0,4188.493037437827
