Iteration,Mean,Stdev,Run-0
0,1912.3616778347955,0.0,1912.3616778347955
1,10.09793086118756,0.0,10.09793086118756
2,4.149064406711737,0.0,4.149064406711737
3,2.5378896023437134,0.0,2.5378896023437134
4,1.7727073710336296,0.0,1.7727073710336296
