Iteration,Mean,Stdev,Run-0
0,0.2397477841399165,0.0,0.2397477841399165
1,1.0534585895990405,0.0,1.0534585895990405
2,1.599448655005843,0.0,1.599448655005843
3,1.5929143103130188,0.0,1.5929143103130188
4,1.584731838514012,0.0,1.584731838514012
