Iteration,Mean,Stdev,Run-0
0,1868.624290288585,0.0,1868.624290288585
1,12.936272570523379,0.0,12.936272570523379
2,5.057866235049119,0.0,5.057866235049119
3,2.9158444411744906,0.0,2.9158444411744906
4,2.9158444411744417,0.0,2.9158444411744417
