Iteration,Mean,Stdev,Run-0
0,0.2386964599653711,0.0,0.2386964599653711
1,1.0382249274603264,0.0,1.0382249274603264
2,1.7445962283577252,0.0,1.7445962283577252
3,1.8319320402241999,0.0,1.8319320402241999
4,1.8409171627208,0.0,1.8409171627208
