Iteration,Mean,Stdev,Run-0
0,0.35954971839788724,0.0,0.35954971839788724
1,1.132,0.0,1.132
2,1.072177224156529,0.0,1.072177224156529
3,1.1647901098481217,0.0,1.1647901098481217
4,1.1647901098481217,0.0,1.1647901098481217
