Iteration,Mean,Stdev,Run-0
0,0.8136184609508317,0.0,0.8136184609508317
1,1.0890362712049584,0.0,1.0890362712049584
2,1.1834120161634325,0.0,1.1834120161634325
3,1.4046650846376156,0.0,1.4046650846376156
4,1.567534369639148,0.0,1.567534369639148
