Iteration,Mean,Stdev,Run-0
0,2871.710778145617,0.0,2871.710778145617
1,19.892503198131557,0.0,19.892503198131557
2,6.634708726288565,0.0,6.634708726288565
3,3.2781644966671717,0.0,3.2781644966671717
4,1.62749024420299,0.0,1.62749024420299
