Iteration,Mean,Stdev,Run-0
0,0.7585716841538445,0.0,0.7585716841538445
1,1.0387256615680578,0.0,1.0387256615680578
2,1.840532259972642,0.0,1.840532259972642
3,1.9400773180468869,0.0,1.9400773180468869
4,1.9248311614268925,0.0,1.9248311614268925
