Iteration,Mean,Stdev,Run-0
0,2007.5940411158917,0.0,2007.5940411158917
1,11.826787017406325,0.0,11.826787017406325
2,4.69802092927047,0.0,4.69802092927047
3,2.8049310154376683,0.0,2.8049310154376683
4,1.9310486485713405,0.0,1.9310486485713405
