Iteration,Mean,Stdev,Run-0
0,2528.601774619256,0.0,2528.601774619256
1,15.875136116650202,0.0,15.875136116650202
2,5.807103318215786,0.0,5.807103318215786
3,2.487520332322638,0.0,2.487520332322638
4,2.487520332322614,0.0,2.487520332322614
