Iteration,Mean,Stdev,Run-0
0,1229.173841325573,0.0,1229.173841325573
1,7.833513293618737,0.0,7.833513293618737
2,3.381027589673109,0.0,3.381027589673109
3,2.1620246023716954,0.0,2.1620246023716954
4,1.7416744870823606,0.0,1.7416744870823606
