Iteration,Mean,Stdev,Run-0
0,4094.2776913431394,0.0,4094.2776913431394
1,23.418162592730596,0.0,23.418162592730596
2,7.417747072327106,0.0,7.417747072327106
3,3.1298592244517867,0.0,3.1298592244517867
4,3.129859224451696,0.0,3.129859224451696
