Iteration,Mean,Stdev,Run-0
0,0.3362008328365651,0.0,0.3362008328365651
1,1.0521554067722123,0.0,1.0521554067722123
2,1.662162446934715,0.0,1.662162446934715
3,1.743618077447008,0.0,1.743618077447008
4,1.743618077447008,0.0,1.743618077447008
