Iteration,Mean,Stdev,Run-0
0,0.2643558208173219,0.0,0.2643558208173219
1,1.0360231657641639,0.0,1.0360231657641639
2,1.641954932390046,0.0,1.641954932390046
3,1.7711860433054454,0.0,1.7711860433054454
4,1.7711860433054454,0.0,1.7711860433054454
