Iteration,Mean,Stdev,Run-0
0,0.5946427498927402,0.0,0.5946427498927402
1,1.0251458432827985,0.0,1.0251458432827985
2,1.7605223656631004,0.0,1.7605223656631004
3,1.819883238012813,0.0,1.819883238012813
4,1.9359129629195624,0.0,1.9359129629195624
