Iteration,Mean,Stdev,Run-0
0,2656.466039218695,0.0,2656.466039218695
1,21.170833801726964,0.0,21.170833801726964
2,9.222176425602544,0.0,9.222176425602544
3,3.6575497418909286,0.0,3.6575497418909286
4,3.6575497418909984,0.0,3.6575497418909984
