Iteration,Mean,Stdev,Run-0
0,3362.5762958450355,0.0,3362.5762958450355
1,26.335110632205915,0.0,26.335110632205915
2,11.058221662126485,0.0,11.058221662126485
3,3.993726882469324,0.0,3.993726882469324
4,3.993726882469412,0.0,3.993726882469412
