Iteration,Mean,Stdev,Run-0
0,2180.939206418905,0.0,2180.939206418905
1,58.01958504425846,0.0,58.01958504425846
2,7.114426556240862,0.0,7.114426556240862
3,3.5662066763057787,0.0,3.5662066763057787
4,3.566206676305738,0.0,3.566206676305738
