Plan ID,Plan Scores,Run-0
0,1.0,93
1,0.006944444444444444,321
2,0.006944444444444444,300
3,0.006944444444444444,271
4,0.06666666666666667,13
5,0.06666666666666667,2
6,NaN,0
7,NaN,0
8,NaN,0
9,NaN,0
