Iteration,Mean,Stdev,Run-0
0,0.24762673522865014,0.0,0.24762673522865014
1,1.0534585895990405,0.0,1.0534585895990405
2,1.4214077528985132,0.0,1.4214077528985132
3,1.5036901276526362,0.0,1.5036901276526362
4,1.581252351776907,0.0,1.581252351776907
