Iteration,Mean,Stdev,Run-0
0,3326.9081483065893,0.0,3326.9081483065893
1,26.19942323672819,0.0,26.19942323672819
2,11.275025663573848,0.0,11.275025663573848
3,4.366905267862607,0.0,4.366905267862607
4,4.3669052678626645,0.0,4.3669052678626645
