Iteration,Mean,Stdev,Run-0
0,2532.7792730852652,0.0,2532.7792730852652
1,21.506168820377756,0.0,21.506168820377756
2,5.921092722082729,0.0,5.921092722082729
3,3.0254718289419285,0.0,3.0254718289419285
4,1.5010374642678006,0.0,1.5010374642678006
