Iteration,Mean,Stdev,Run-0
0,0.3213705026912084,0.0,0.3213705026912084
1,1.064439289015583,0.0,1.064439289015583
2,1.6179925834193434,0.0,1.6179925834193434
3,1.6382231227766262,0.0,1.6382231227766262
4,1.6945795938816208,0.0,1.6945795938816208
