Iteration,Mean,Stdev,Run-0
0,0.30182776545573137,0.0,0.30182776545573137
1,1.032015503759512,0.0,1.032015503759512
2,1.6700598791660135,0.0,1.6700598791660135
3,1.7648014052578265,0.0,1.7648014052578265
4,1.7770129431154966,0.0,1.7770129431154966
