Iteration,Mean,Stdev,Run-0
0,3260.3777317679564,0.0,3260.3777317679564
1,25.703426230426455,0.0,25.703426230426455
2,11.090440373959002,0.0,11.090440373959002
3,4.322315994885482,0.0,4.322315994885482
4,4.322315994885539,0.0,4.322315994885539
