Iteration,Mean,Stdev,Run-0
0,3803.445268850279,0.0,3803.445268850279
1,19.44180768174367,0.0,19.44180768174367
2,6.342738892746457,0.0,6.342738892746457
3,2.775998916580458,0.0,2.775998916580458
4,1.7124455990465792,0.0,1.7124455990465792
