Iteration,Mean,Stdev,Run-0
0,3376.206129872641,0.0,3376.206129872641
1,83.67247705624787,0.0,83.67247705624787
2,10.644812268402298,0.0,10.644812268402298
3,3.9601538270273826,0.0,3.9601538270273826
4,3.960153827027353,0.0,3.960153827027353
