Iteration,Mean,Stdev,Run-0
0,0.23616731357239087,0.0,0.23616731357239087
1,1.1386303175306722,0.0,1.1386303175306722
2,1.0874332163402034,0.0,1.0874332163402034
3,1.1596684871117264,0.0,1.1596684871117264
4,1.1596684871117264,0.0,1.1596684871117264
