Iteration,Mean,Stdev,Run-0
0,3477.3507375231848,0.0,3477.3507375231848
1,89.58890747887345,0.0,89.58890747887345
2,11.12166184486095,0.0,11.12166184486095
3,4.6313552525184924,0.0,4.6313552525184924
4,2.240801701735861,0.0,2.240801701735861
