Iteration,Mean,Stdev,Run-0
0,1703.9583107533983,0.0,1703.9583107533983
1,44.65134168109739,0.0,44.65134168109739
2,6.312606956073149,0.0,6.312606956073149
3,3.1825902587482027,0.0,3.1825902587482027
4,2.0797837874071607,0.0,2.0797837874071607
