Iteration,Mean,Stdev,Run-0
0,3942.904709344788,0.0,3942.904709344788
1,23.828265938296056,0.0,23.828265938296056
2,7.286707898895401,0.0,7.286707898895401
3,2.7415965082108156,0.0,2.7415965082108156
4,1.354699285679511,0.0,1.354699285679511
