Iteration,Mean,Stdev,Run-0
0,2555.86710032315,0.0,2555.86710032315
1,62.62499013576311,0.0,62.62499013576311
2,8.17278514953231,0.0,8.17278514953231
3,4.080997245354621,0.0,4.080997245354621
4,4.080997245354681,0.0,4.080997245354681
