Iteration,Mean,Stdev,Run-0
0,0.2718161143125992,0.0,0.2718161143125992
1,1.1510477835433244,0.0,1.1510477835433244
2,1.0923076489707468,0.0,1.0923076489707468
3,1.1674926123963272,0.0,1.1674926123963272
4,1.2799984374990465,0.0,1.2799984374990465
