Iteration,Mean,Stdev,Run-0
0,3889.0526055332757,0.0,3889.0526055332757
1,106.85015469848364,0.0,106.85015469848364
2,12.53933559985935,0.0,12.53933559985935
3,5.565837417166808,0.0,5.565837417166808
4,2.7605191435236556,0.0,2.7605191435236556
