Iteration,Mean,Stdev,Run-0
0,2308.1385586723695,0.0,2308.1385586723695
1,12.236602041137392,0.0,12.236602041137392
2,4.707859304945247,0.0,4.707859304945247
3,2.5402108727601056,0.0,2.5402108727601056
4,1.8425032055375004,0.0,1.8425032055375004
