Iteration,Mean,Stdev,Run-0
0,0.29169161798035953,0.0,0.29169161798035953
1,1.0642631253595138,0.0,1.0642631253595138
2,1.6443539764904638,0.0,1.6443539764904638
3,1.698090398064838,0.0,1.698090398064838
4,1.7235034087578704,0.0,1.7235034087578704
