Iteration,Mean,Stdev,Run-0
0,2482.1346433404015,0.0,2482.1346433404015
1,21.103862700585882,0.0,21.103862700585882
2,5.846286190240801,0.0,5.846286190240801
3,3.010463165543559,0.0,3.010463165543559
4,3.010463165543522,0.0,3.010463165543522
