Iteration,Mean,Stdev,Run-0
0,4188.493037437828,0.0,4188.493037437828
1,4188.493037437828,0.0,4188.493037437828
2,4188.493037437828,0.0,4188.493037437828
3,4188.493037437828,0.0,4188.493037437828
4,4188.4930374378255,0.0,4188.4930374378255
